Name,MMSI,VSPD kn,WSPD mph,Transit,% Channel Occupied,Yaw deg,Effective Beam ft,LOA ft,Beam ft,Class,AIS Type,Course,Heading,Course Behavior,WDIR degT,GST mph,Buoy Source,Location,Latitude,Longitude,Date/Time UTC
C HAMBURG,636020327,16.1,4.47,One-way Transit,17.62,0,141,1096.0,141.0,Post-Panamax,71,300,300,Inbound,340,8.95,41004,Offshore,32.6697,-79.69878,2021-10-28 03:13:55
C HAMBURG,636020327,16.3,4.47,One-way Transit,17.62,0,141,1096.0,141.0,Post-Panamax,71,300,300,Inbound,340,8.95,41004,Offshore,32.67194,-79.70343,2021-10-28 03:14:55
C HAMBURG,636020327,16.4,4.47,One-way Transit,20.0,1,160,1096.0,141.0,Post-Panamax,71,300,299,Inbound,320,6.71,41004,Offshore,32.67307,-79.70585,2021-10-28 03:15:26
C HAMBURG,636020327,16.6,4.47,One-way Transit,20.0,1,160,1096.0,141.0,Post-Panamax,71,300,299,Inbound,320,6.71,41004,Offshore,32.676,-79.71196,2021-10-28 03:16:43
C HAMBURG,636020327,16.8,4.47,One-way Transit,17.62,0,141,1096.0,141.0,Post-Panamax,71,300,300,Inbound,320,6.71,41004,Offshore,32.67876,-79.71769,2021-10-28 03:17:55
C HAMBURG,636020327,16.8,4.47,One-way Transit,17.62,0,141,1096.0,141.0,Post-Panamax,71,299,299,Inbound,320,6.71,41004,Offshore,32.68013,-79.72062,2021-10-28 03:18:31
C HAMBURG,636020327,16.9,4.47,One-way Transit,17.62,0,141,1096.0,141.0,Post-Panamax,71,299,299,Inbound,320,6.71,41004,Offshore,32.68285,-79.72624,2021-10-28 03:19:43
C HAMBURG,636020327,16.9,4.47,One-way Transit,17.62,0,141,1096.0,141.0,Post-Panamax,71,299,299,Inbound,320,6.71,41004,Offshore,32.68542,-79.73174,2021-10-28 03:20:50
C HAMBURG,636020327,17.0,4.47,One-way Transit,17.62,0,141,1096.0,141.0,Post-Panamax,71,299,299,Inbound,320,6.71,41004,Offshore,32.68777,-79.73673,2021-10-28 03:21:50
C HAMBURG,636020327,17.1,4.47,One-way Transit,17.62,0,141,1096.0,141.0,Post-Panamax,71,300,300,Inbound,320,6.71,41004,Offshore,32.69008,-79.74146,2021-10-28 03:22:50
C HAMBURG,636020327,17.1,4.47,One-way Transit,17.62,0,141,1096.0,141.0,Post-Panamax,71,300,300,Inbound,320,6.71,41004,Nearshore,32.69237,-79.74639,2021-10-28 03:23:50
C HAMBURG,636020327,17.1,4.47,One-way Transit,20.0,1,160,1096.0,141.0,Post-Panamax,71,300,299,Inbound,320,6.71,41004,Nearshore,32.69379,-79.74929,2021-10-28 03:24:26
C HAMBURG,636020327,17.1,4.47,One-way Transit,17.62,0,141,1096.0,141.0,Post-Panamax,71,299,299,Inbound,320,6.71,41004,Nearshore,32.69685,-79.7557,2021-10-28 03:25:43
C HAMBURG,636020327,17.0,4.47,One-way Transit,17.62,0,141,1096.0,141.0,Post-Panamax,71,299,299,Inbound,320,6.71,41004,Nearshore,32.69968,-79.76161,2021-10-28 03:26:55
C HAMBURG,636020327,17.0,4.47,One-way Transit,20.0,1,160,1096.0,141.0,Post-Panamax,71,300,299,Inbound,320,6.71,41004,Nearshore,32.70083,-79.76404,2021-10-28 03:27:26
C HAMBURG,636020327,16.9,4.47,One-way Transit,17.62,0,141,1096.0,141.0,Post-Panamax,71,300,300,Inbound,320,6.71,41004,Nearshore,32.70445,-79.77167,2021-10-28 03:29:01
C HAMBURG,636020327,16.7,4.47,One-way Transit,20.0,1,160,1096.0,141.0,Post-Panamax,71,299,298,Inbound,320,6.71,41004,Nearshore,32.70608,-79.77504,2021-10-28 03:29:43
C HAMBURG,636020327,16.4,4.47,One-way Transit,20.0,1,160,1096.0,141.0,Post-Panamax,71,299,298,Inbound,320,6.71,41004,Nearshore,32.7085,-79.78027,2021-10-28 03:30:49
C HAMBURG,636020327,16.1,4.47,One-way Transit,20.0,1,160,1096.0,141.0,Post-Panamax,71,299,298,Inbound,320,6.71,41004,Nearshore,32.71072,-79.78502,2021-10-28 03:31:49
C HAMBURG,636020327,15.9,4.47,One-way Transit,20.0,1,160,1096.0,141.0,Post-Panamax,71,299,298,Inbound,320,6.71,41004,Nearshore,32.71288,-79.7897,2021-10-28 03:32:50
C HAMBURG,636020327,15.6,4.47,One-way Transit,20.0,1,160,1096.0,141.0,Post-Panamax,71,299,298,Inbound,320,6.71,41004,Nearshore,32.71522,-79.79471,2021-10-28 03:33:56
C HAMBURG,636020327,15.6,4.47,One-way Transit,20.0,1,160,1096.0,141.0,Post-Panamax,71,299,298,Inbound,320,6.71,41004,Nearshore,32.71669,-79.79783,2021-10-28 03:34:37
C HAMBURG,636020327,15.8,4.47,One-way Transit,17.62,0,141,1096.0,141.0,Post-Panamax,71,299,299,Inbound,330,8.95,41004,Nearshore,32.71872,-79.80235,2021-10-28 03:35:37
C HAMBURG,636020327,15.7,4.47,One-way Transit,22.38,2,179,1096.0,141.0,Post-Panamax,71,298,300,Inbound,330,8.95,41004,Nearshore,32.72106,-79.80741,2021-10-28 03:36:43
CONTI CORTESIA,255805889,15.4,4.47,One-way Transit,17.25,0,138,1099.0,138.0,Post-Panamax,71,120,120,Outbound,50,6.71,41004,Nearshore,32.72271,-79.80951,2021-10-28 05:01:53
CONTI CORTESIA,255805889,15.8,4.47,One-way Transit,17.25,0,138,1099.0,138.0,Post-Panamax,71,120,120,Outbound,50,6.71,41004,Nearshore,32.7212,-79.8064,2021-10-28 05:02:35
CONTI CORTESIA,255805889,16.0,4.47,One-way Transit,17.25,0,138,1099.0,138.0,Post-Panamax,71,120,120,Outbound,50,6.71,41004,Nearshore,32.71828,-79.80049,2021-10-28 05:03:52
CONTI CORTESIA,255805889,15.9,4.47,One-way Transit,17.25,0,138,1099.0,138.0,Post-Panamax,71,120,120,Outbound,50,6.71,41004,Nearshore,32.71583,-79.79547,2021-10-28 05:04:59
CONTI CORTESIA,255805889,16.1,4.47,One-way Transit,19.62,1,157,1099.0,138.0,Post-Panamax,71,120,121,Outbound,50,8.95,41004,Nearshore,32.71427,-79.79227,2021-10-28 05:05:40
CONTI CORTESIA,255805889,16.4,4.47,One-way Transit,17.25,0,138,1099.0,138.0,Post-Panamax,71,120,120,Outbound,50,8.95,41004,Nearshore,32.71183,-79.78722,2021-10-28 05:06:46
CONTI CORTESIA,255805889,16.3,4.47,One-way Transit,17.25,0,138,1099.0,138.0,Post-Panamax,71,120,120,Outbound,50,8.95,41004,Nearshore,32.70954,-79.78258,2021-10-28 05:07:46
CONTI CORTESIA,255805889,16.5,4.47,One-way Transit,17.25,0,138,1099.0,138.0,Post-Panamax,71,120,120,Outbound,50,8.95,41004,Nearshore,32.70721,-79.77782,2021-10-28 05:08:47
CONTI CORTESIA,255805889,16.5,4.47,One-way Transit,17.25,0,138,1099.0,138.0,Post-Panamax,71,120,120,Outbound,50,8.95,41004,Nearshore,32.70605,-79.77544,2021-10-28 05:09:16
CONTI CORTESIA,255805889,16.9,4.47,One-way Transit,17.25,0,138,1099.0,138.0,Post-Panamax,71,120,120,Outbound,50,8.95,41004,Nearshore,32.70303,-79.76934,2021-10-28 05:10:34
CONTI CORTESIA,255805889,17.1,4.47,One-way Transit,17.25,0,138,1099.0,138.0,Post-Panamax,71,120,120,Outbound,50,8.95,41004,Nearshore,32.69993,-79.76303,2021-10-28 05:11:52
CONTI CORTESIA,255805889,17.2,4.47,One-way Transit,17.25,0,138,1099.0,138.0,Post-Panamax,71,120,120,Outbound,50,8.95,41004,Nearshore,32.69871,-79.76059,2021-10-28 05:12:23
CONTI CORTESIA,255805889,17.2,4.47,One-way Transit,17.25,0,138,1099.0,138.0,Post-Panamax,71,120,120,Outbound,50,8.95,41004,Nearshore,32.69553,-79.75414,2021-10-28 05:13:40
CONTI CORTESIA,255805889,17.2,4.47,One-way Transit,17.25,0,138,1099.0,138.0,Post-Panamax,71,120,120,Outbound,50,8.95,41004,Nearshore,32.69273,-79.74834,2021-10-28 05:14:52
CONTI CORTESIA,255805889,17.2,4.47,One-way Transit,17.25,0,138,1099.0,138.0,Post-Panamax,71,120,120,Outbound,40,8.95,41004,Nearshore,32.69122,-79.74529,2021-10-28 05:15:29
CONTI CORTESIA,255805889,15.4,4.47,One-way Transit,17.25,0,138,1099.0,138.0,Post-Panamax,71,119,119,Outbound,40,8.95,41004,Offshore,32.67256,-79.70576,2021-10-28 05:23:40
CONTI CORTESIA,255805889,14.9,4.47,One-way Transit,17.25,0,138,1099.0,138.0,Post-Panamax,71,119,119,Outbound,40,8.95,41004,Offshore,32.67055,-79.70141,2021-10-28 05:24:40
CONTI CORTESIA,255805889,14.2,4.47,One-way Transit,17.25,0,138,1099.0,138.0,Post-Panamax,71,119,119,Outbound,50,8.95,41004,Offshore,32.66799,-79.69594,2021-10-28 05:25:58
CMA CGM MARCO POLO,311000923,9.7,4.47,One-way Transit,25.0,1,200,1299.0,177.0,Post-Panamax,71,300,301,Inbound,110,6.71,41004,Offshore,32.6686,-79.69748,2021-10-28 09:49:31
CMA CGM MARCO POLO,311000923,10.3,4.47,One-way Transit,22.12,0,177,1299.0,177.0,Post-Panamax,71,300,300,Inbound,110,6.71,41004,Offshore,32.67001,-79.70035,2021-10-28 09:50:31
CMA CGM MARCO POLO,311000923,11.0,4.47,One-way Transit,25.0,1,200,1299.0,177.0,Post-Panamax,71,301,300,Inbound,110,6.71,41004,Offshore,32.67181,-79.70395,2021-10-28 09:51:41
CMA CGM MARCO POLO,311000923,11.4,4.47,One-way Transit,22.12,0,177,1299.0,177.0,Post-Panamax,71,300,300,Inbound,110,6.71,41004,Offshore,32.67341,-79.70715,2021-10-28 09:52:41
CMA CGM MARCO POLO,311000923,11.9,4.47,One-way Transit,25.0,1,200,1299.0,177.0,Post-Panamax,71,300,299,Inbound,110,6.71,41004,Offshore,32.67506,-79.71045,2021-10-28 09:53:41
CMA CGM MARCO POLO,311000923,12.5,4.47,One-way Transit,25.0,1,200,1299.0,177.0,Post-Panamax,71,299,298,Inbound,110,6.71,41004,Offshore,32.67673,-79.71395,2021-10-28 09:54:41
CMA CGM MARCO POLO,311000923,13.0,4.47,One-way Transit,22.12,0,177,1299.0,177.0,Post-Panamax,71,298,298,Inbound,110,6.71,41004,Offshore,32.67868,-79.71815,2021-10-28 09:55:51
CMA CGM MARCO POLO,311000923,13.4,4.47,One-way Transit,22.12,0,177,1299.0,177.0,Post-Panamax,71,298,298,Inbound,110,6.71,41004,Offshore,32.68045,-79.72196,2021-10-28 09:56:51
CMA CGM MARCO POLO,311000923,13.6,4.47,One-way Transit,25.0,1,200,1299.0,177.0,Post-Panamax,71,299,298,Inbound,110,6.71,41004,Offshore,32.68223,-79.72585,2021-10-28 09:57:51
CMA CGM MARCO POLO,311000923,13.8,4.47,One-way Transit,22.12,0,177,1299.0,177.0,Post-Panamax,71,298,298,Inbound,110,6.71,41004,Offshore,32.68346,-79.7285,2021-10-28 09:58:31
CMA CGM MARCO POLO,311000923,14.1,4.47,One-way Transit,25.0,1,200,1299.0,177.0,Post-Panamax,71,299,298,Inbound,110,6.71,41004,Offshore,32.68603,-79.73408,2021-10-28 09:59:53
CMA CGM MARCO POLO,311000923,14.2,4.47,One-way Transit,25.0,1,200,1299.0,177.0,Post-Panamax,71,298,299,Inbound,110,6.71,41004,Offshore,32.68793,-79.73816,2021-10-28 10:00:53
CMA CGM MARCO POLO,311000923,14.4,4.47,One-way Transit,22.12,0,177,1299.0,177.0,Post-Panamax,71,300,300,Inbound,110,6.71,41004,Offshore,32.68946,-79.74136,2021-10-28 10:01:41
CMA CGM MARCO POLO,311000923,14.5,4.47,One-way Transit,22.12,0,177,1299.0,177.0,Post-Panamax,71,301,301,Inbound,110,6.71,41004,Nearshore,32.69213,-79.74666,2021-10-28 10:02:59
CMA CGM MARCO POLO,311000923,14.5,4.47,One-way Transit,22.12,0,177,1299.0,177.0,Post-Panamax,71,300,300,Inbound,110,6.71,41004,Nearshore,32.6932,-79.74878,2021-10-28 10:03:29
CMA CGM MARCO POLO,311000923,14.7,4.47,One-way Transit,22.12,0,177,1299.0,177.0,Post-Panamax,71,300,300,Inbound,110,6.71,41004,Nearshore,32.69565,-79.75368,2021-10-28 10:04:41
CMA CGM MARCO POLO,311000923,14.7,6.71,One-way Transit,25.0,1,200,1299.0,177.0,Post-Panamax,71,301,300,Inbound,130,8.95,41004,Nearshore,32.69793,-79.75825,2021-10-28 10:05:47
CMA CGM MARCO POLO,311000923,14.7,6.71,One-way Transit,25.0,1,200,1299.0,177.0,Post-Panamax,71,299,298,Inbound,130,8.95,41004,Nearshore,32.69998,-79.76241,2021-10-28 10:06:47
CMA CGM MARCO POLO,311000923,14.6,6.71,One-way Transit,25.0,1,200,1299.0,177.0,Post-Panamax,71,299,298,Inbound,130,8.95,41004,Nearshore,32.70196,-79.76663,2021-10-28 10:07:47
CMA CGM MARCO POLO,311000923,14.7,6.71,One-way Transit,22.12,0,177,1299.0,177.0,Post-Panamax,71,298,298,Inbound,130,8.95,41004,Nearshore,32.70418,-79.77135,2021-10-28 10:08:53
CMA CGM MARCO POLO,311000923,14.6,6.71,One-way Transit,25.0,1,200,1299.0,177.0,Post-Panamax,71,299,298,Inbound,130,8.95,41004,Nearshore,32.70615,-79.77556,2021-10-28 10:09:53
CMA CGM MARCO POLO,311000923,14.6,6.71,One-way Transit,22.12,0,177,1299.0,177.0,Post-Panamax,71,299,299,Inbound,130,8.95,41004,Nearshore,32.7071,-79.7776,2021-10-28 10:10:23
CMA CGM MARCO POLO,311000923,14.5,6.71,One-way Transit,25.0,1,200,1299.0,177.0,Post-Panamax,71,299,298,Inbound,130,8.95,41004,Nearshore,32.70961,-79.78305,2021-10-28 10:11:41
CMA CGM MARCO POLO,311000923,14.5,6.71,One-way Transit,25.0,1,200,1299.0,177.0,Post-Panamax,71,299,298,Inbound,130,8.95,41004,Nearshore,32.71153,-79.78723,2021-10-28 10:12:41
CMA CGM MARCO POLO,311000923,14.5,6.71,One-way Transit,22.12,0,177,1299.0,177.0,Post-Panamax,71,299,299,Inbound,130,8.95,41004,Nearshore,32.71348,-79.79141,2021-10-28 10:13:41
CMA CGM MARCO POLO,311000923,14.2,6.71,One-way Transit,22.12,0,177,1299.0,177.0,Post-Panamax,71,299,299,Inbound,130,8.95,41004,Nearshore,32.71601,-79.79688,2021-10-28 10:14:59
CMA CGM MARCO POLO,311000923,14.3,4.47,One-way Transit,25.0,1,200,1299.0,177.0,Post-Panamax,71,299,298,Inbound,110,6.71,41004,Nearshore,32.7175,-79.80008,2021-10-28 10:15:47
CMA CGM MARCO POLO,311000923,14.4,4.47,One-way Transit,25.0,1,200,1299.0,177.0,Post-Panamax,71,299,298,Inbound,110,6.71,41004,Nearshore,32.71983,-79.80506,2021-10-28 10:16:59
CMA CGM MARCO POLO,311000923,14.3,4.47,One-way Transit,22.12,0,177,1299.0,177.0,Post-Panamax,71,300,300,Inbound,110,6.71,41004,Nearshore,32.72081,-79.80713,2021-10-28 10:17:29
CMA CGM BRAZIL,215352000,15.4,6.71,One-way Transit,23.5,1,188,1200.0,167.0,Post-Panamax,70,119,118,Outbound,140,8.95,41004,Nearshore,32.72048,-79.80651,2021-10-28 10:52:55
CMA CGM BRAZIL,215352000,15.7,6.71,One-way Transit,26.12,2,209,1200.0,167.0,Post-Panamax,70,120,118,Outbound,140,8.95,41004,Nearshore,32.71918,-79.80374,2021-10-28 10:53:31
CMA CGM BRAZIL,215352000,15.9,6.71,One-way Transit,26.12,2,209,1200.0,167.0,Post-Panamax,70,119,117,Outbound,140,8.95,41004,Nearshore,32.71705,-79.79926,2021-10-28 10:54:40
CMA CGM BRAZIL,215352000,15.6,4.47,One-way Transit,23.5,1,188,1200.0,167.0,Post-Panamax,70,119,118,Outbound,150,8.95,41004,Nearshore,32.71424,-79.79338,2021-10-28 10:55:49
CMA CGM BRAZIL,215352000,16.0,4.47,One-way Transit,26.12,2,209,1200.0,167.0,Post-Panamax,70,120,118,Outbound,150,8.95,41004,Nearshore,32.71208,-79.78885,2021-10-28 10:56:49
CMA CGM BRAZIL,215352000,15.9,4.47,One-way Transit,23.5,1,188,1200.0,167.0,Post-Panamax,70,119,118,Outbound,150,8.95,41004,Nearshore,32.71093,-79.78648,2021-10-28 10:57:20
CMA CGM BRAZIL,215352000,15.8,4.47,One-way Transit,23.5,1,188,1200.0,167.0,Post-Panamax,70,119,118,Outbound,150,8.95,41004,Nearshore,32.7081,-79.78057,2021-10-28 10:58:38
CMA CGM BRAZIL,215352000,15.8,4.47,One-way Transit,26.12,2,209,1200.0,167.0,Post-Panamax,70,120,118,Outbound,150,8.95,41004,Nearshore,32.70594,-79.77603,2021-10-28 10:59:38
CMA CGM BRAZIL,215352000,15.9,4.47,One-way Transit,23.5,1,188,1200.0,167.0,Post-Panamax,70,119,118,Outbound,150,8.95,41004,Nearshore,32.70379,-79.77145,2021-10-28 11:00:38
CMA CGM BRAZIL,215352000,16.2,4.47,One-way Transit,23.5,1,188,1200.0,167.0,Post-Panamax,70,119,118,Outbound,150,8.95,41004,Nearshore,32.70145,-79.76651,2021-10-28 11:01:43
CMA CGM BRAZIL,215352000,16.4,4.47,One-way Transit,23.5,1,188,1200.0,167.0,Post-Panamax,70,119,118,Outbound,150,8.95,41004,Nearshore,32.69872,-79.76072,2021-10-28 11:02:56
CMA CGM BRAZIL,215352000,16.5,4.47,One-way Transit,26.12,2,209,1200.0,167.0,Post-Panamax,70,119,117,Outbound,150,8.95,41004,Nearshore,32.69743,-79.75793,2021-10-28 11:03:32
CMA CGM BRAZIL,215352000,16.5,4.47,One-way Transit,26.12,2,209,1200.0,167.0,Post-Panamax,70,120,118,Outbound,150,8.95,41004,Nearshore,32.69471,-79.75223,2021-10-28 11:04:43
CMA CGM BRAZIL,215352000,16.5,6.71,One-way Transit,26.12,2,209,1200.0,167.0,Post-Panamax,70,119,117,Outbound,130,8.95,41004,Nearshore,32.69248,-79.74746,2021-10-28 11:05:43
CMA CGM BRAZIL,215352000,16.5,6.71,One-way Transit,23.5,1,188,1200.0,167.0,Post-Panamax,70,119,118,Outbound,130,8.95,41004,Offshore,32.68958,-79.74128,2021-10-28 11:07:01
CMA CGM BRAZIL,215352000,16.5,6.71,One-way Transit,23.5,1,188,1200.0,167.0,Post-Panamax,70,119,118,Outbound,130,8.95,41004,Offshore,32.68843,-79.73882,2021-10-28 11:07:32
CMA CGM BRAZIL,215352000,16.4,6.71,One-way Transit,23.5,1,188,1200.0,167.0,Post-Panamax,70,119,118,Outbound,130,8.95,41004,Offshore,32.68558,-79.73273,2021-10-28 11:08:49
CMA CGM BRAZIL,215352000,16.4,6.71,One-way Transit,23.5,1,188,1200.0,167.0,Post-Panamax,70,119,118,Outbound,130,8.95,41004,Offshore,32.68312,-79.72754,2021-10-28 11:09:55
CMA CGM BRAZIL,215352000,16.2,6.71,One-way Transit,20.88,0,167,1200.0,167.0,Post-Panamax,70,118,118,Outbound,130,8.95,41004,Offshore,32.68093,-79.72277,2021-10-28 11:10:55
CMA CGM BRAZIL,215352000,16.1,6.71,One-way Transit,23.5,1,188,1200.0,167.0,Post-Panamax,70,119,118,Outbound,130,8.95,41004,Offshore,32.67942,-79.71951,2021-10-28 11:11:37
CMA CGM BRAZIL,215352000,15.5,6.71,One-way Transit,23.5,1,188,1200.0,167.0,Post-Panamax,70,121,120,Outbound,130,8.95,41004,Offshore,32.6766,-79.71357,2021-10-28 11:12:55
CMA CGM BRAZIL,215352000,15.1,6.71,One-way Transit,23.5,1,188,1200.0,167.0,Post-Panamax,70,121,120,Outbound,130,8.95,41004,Offshore,32.67553,-79.71148,2021-10-28 11:13:25
CMA CGM BRAZIL,215352000,14.0,6.71,One-way Transit,23.5,1,188,1200.0,167.0,Post-Panamax,70,121,120,Outbound,130,8.95,41004,Offshore,32.6726,-79.70569,2021-10-28 11:14:43
CMA CGM BRAZIL,215352000,12.9,4.47,One-way Transit,26.12,2,209,1200.0,167.0,Post-Panamax,70,121,119,Outbound,120,6.71,41004,Offshore,32.67052,-79.70155,2021-10-28 11:15:49
CMA CGM BRAZIL,215352000,12.0,4.47,One-way Transit,23.5,1,188,1200.0,167.0,Post-Panamax,70,119,118,Outbound,120,6.71,41004,Offshore,32.66883,-79.69801,2021-10-28 11:16:49
DELAWARE EXPRESS,367422000,14.4,11.18,One-way Transit,18.62,1,149,1004.0,131.0,Post-Panamax,70,119,118,Outbound,150,13.42,41004,Nearshore,32.72166,-79.80918,2021-10-28 14:07:37
DELAWARE EXPRESS,367422000,14.7,11.18,One-way Transit,18.62,1,149,1004.0,131.0,Post-Panamax,70,119,118,Outbound,150,13.42,41004,Nearshore,32.72048,-79.80666,2021-10-28 14:08:12
DELAWARE EXPRESS,367422000,15.4,11.18,One-way Transit,16.38,0,131,1004.0,131.0,Post-Panamax,70,118,118,Outbound,150,13.42,41004,Nearshore,32.71711,-79.79933,2021-10-28 14:09:54
DELAWARE EXPRESS,367422000,15.3,11.18,One-way Transit,16.38,0,131,1004.0,131.0,Post-Panamax,70,118,118,Outbound,150,13.42,41004,Nearshore,32.71507,-79.79492,2021-10-28 14:10:54
DELAWARE EXPRESS,367422000,15.9,11.18,One-way Transit,16.38,0,131,1004.0,131.0,Post-Panamax,70,118,118,Outbound,150,13.42,41004,Nearshore,32.71277,-79.78995,2021-10-28 14:12:00
DELAWARE EXPRESS,367422000,15.8,11.18,One-way Transit,18.62,1,149,1004.0,131.0,Post-Panamax,70,119,118,Outbound,150,13.42,41004,Nearshore,32.71066,-79.78538,2021-10-28 14:13:00
DELAWARE EXPRESS,367422000,16.0,11.18,One-way Transit,18.62,1,149,1004.0,131.0,Post-Panamax,70,118,117,Outbound,150,13.42,41004,Nearshore,32.70896,-79.78172,2021-10-28 14:13:51
DELAWARE EXPRESS,367422000,16.2,8.95,One-way Transit,16.38,0,131,1004.0,131.0,Post-Panamax,70,118,118,Outbound,140,13.42,41004,Nearshore,32.70641,-79.77614,2021-10-28 14:15:00
DELAWARE EXPRESS,367422000,16.2,8.95,One-way Transit,18.62,1,149,1004.0,131.0,Post-Panamax,70,120,119,Outbound,140,13.42,41004,Nearshore,32.70512,-79.77333,2021-10-28 14:15:36
DELAWARE EXPRESS,367422000,16.7,8.95,One-way Transit,18.62,1,149,1004.0,131.0,Post-Panamax,70,120,119,Outbound,140,13.42,41004,Nearshore,32.70281,-79.76857,2021-10-28 14:16:36
DELAWARE EXPRESS,367422000,16.9,8.95,One-way Transit,18.62,1,149,1004.0,131.0,Post-Panamax,70,119,118,Outbound,140,13.42,41004,Nearshore,32.70055,-79.76382,2021-10-28 14:17:36
DELAWARE EXPRESS,367422000,17.0,8.95,One-way Transit,20.75,2,166,1004.0,131.0,Post-Panamax,70,120,118,Outbound,140,13.42,41004,Nearshore,32.69825,-79.75898,2021-10-28 14:18:36
DELAWARE EXPRESS,367422000,17.0,8.95,One-way Transit,18.62,1,149,1004.0,131.0,Post-Panamax,70,120,119,Outbound,140,13.42,41004,Nearshore,32.6957,-79.75372,2021-10-28 14:19:42
DELAWARE EXPRESS,367422000,17.1,8.95,One-way Transit,16.38,0,131,1004.0,131.0,Post-Panamax,70,119,119,Outbound,140,13.42,41004,Nearshore,32.6934,-79.74894,2021-10-28 14:20:42
DELAWARE EXPRESS,367422000,17.0,8.95,One-way Transit,16.38,0,131,1004.0,131.0,Post-Panamax,70,119,119,Outbound,140,13.42,41004,Nearshore,32.69034,-79.74251,2021-10-28 14:21:59
DELAWARE EXPRESS,367422000,17.0,8.95,One-way Transit,18.62,1,149,1004.0,131.0,Post-Panamax,70,120,119,Outbound,140,13.42,41004,Offshore,32.68917,-79.74008,2021-10-28 14:22:30
DELAWARE EXPRESS,367422000,17.0,8.95,One-way Transit,16.38,0,131,1004.0,131.0,Post-Panamax,70,119,119,Outbound,140,13.42,41004,Offshore,32.68728,-79.73608,2021-10-28 14:23:19
DELAWARE EXPRESS,367422000,16.9,8.95,One-way Transit,18.62,1,149,1004.0,131.0,Post-Panamax,70,120,119,Outbound,140,15.66,41004,Offshore,32.68332,-79.72784,2021-10-28 14:25:00
DELAWARE EXPRESS,367422000,16.9,8.95,One-way Transit,18.62,1,149,1004.0,131.0,Post-Panamax,70,120,119,Outbound,140,15.66,41004,Offshore,32.68149,-79.72404,2021-10-28 14:25:49
DELAWARE EXPRESS,367422000,16.9,8.95,One-way Transit,18.62,1,149,1004.0,131.0,Post-Panamax,70,120,119,Outbound,140,15.66,41004,Offshore,32.67893,-79.71869,2021-10-28 14:26:54
DELAWARE EXPRESS,367422000,17.1,8.95,One-way Transit,18.62,1,149,1004.0,131.0,Post-Panamax,70,120,119,Outbound,140,15.66,41004,Offshore,32.67655,-79.71373,2021-10-28 14:27:54
DELAWARE EXPRESS,367422000,17.1,8.95,One-way Transit,18.62,1,149,1004.0,131.0,Post-Panamax,70,119,118,Outbound,140,15.66,41004,Offshore,32.67429,-79.70897,2021-10-28 14:28:54
DELAWARE EXPRESS,367422000,16.9,8.95,One-way Transit,20.75,2,166,1004.0,131.0,Post-Panamax,70,120,118,Outbound,140,15.66,41004,Offshore,32.67198,-79.70409,2021-10-28 14:29:54
DELAWARE EXPRESS,367422000,16.8,8.95,One-way Transit,18.62,1,149,1004.0,131.0,Post-Panamax,70,120,119,Outbound,140,15.66,41004,Offshore,32.66946,-79.69875,2021-10-28 14:31:00
MSC NAOMI,255806500,14.9,13.42,One-way Transit,21.75,1,174,984.0,157.0,Post-Panamax,71,119,118,Outbound,140,15.66,41004,Nearshore,32.72021,-79.80682,2021-10-28 16:15:54
MSC NAOMI,255806500,15.3,13.42,One-way Transit,23.88,2,191,984.0,157.0,Post-Panamax,71,119,117,Outbound,140,15.66,41004,Nearshore,32.71851,-79.80324,2021-10-28 16:16:43
MSC NAOMI,255806500,15.6,13.42,One-way Transit,23.88,2,191,984.0,157.0,Post-Panamax,71,119,117,Outbound,140,15.66,41004,Nearshore,32.71642,-79.79881,2021-10-28 16:17:43
MSC NAOMI,255806500,15.6,13.42,One-way Transit,21.75,1,174,984.0,157.0,Post-Panamax,71,119,118,Outbound,140,15.66,41004,Nearshore,32.71433,-79.79424,2021-10-28 16:18:43
MSC NAOMI,255806500,16.2,13.42,One-way Transit,21.75,1,174,984.0,157.0,Post-Panamax,71,119,118,Outbound,140,15.66,41004,Nearshore,32.71151,-79.78834,2021-10-28 16:20:01
MSC NAOMI,255806500,16.2,13.42,One-way Transit,21.75,1,174,984.0,157.0,Post-Panamax,71,119,118,Outbound,140,15.66,41004,Nearshore,32.71151,-79.78834,2021-10-28 16:20:01
MSC NAOMI,255806500,16.4,13.42,One-way Transit,23.88,2,191,984.0,157.0,Post-Panamax,71,120,118,Outbound,140,15.66,41004,Nearshore,32.70821,-79.78136,2021-10-28 16:21:30
MSC NAOMI,255806500,16.5,13.42,One-way Transit,23.88,2,191,984.0,157.0,Post-Panamax,71,119,117,Outbound,140,15.66,41004,Nearshore,32.70576,-79.77609,2021-10-28 16:22:36
MSC NAOMI,255806500,17.1,13.42,One-way Transit,21.75,1,174,984.0,157.0,Post-Panamax,71,119,118,Outbound,140,15.66,41004,Nearshore,32.7028,-79.76984,2021-10-28 16:23:55
MSC NAOMI,255806500,17.4,13.42,One-way Transit,21.75,1,174,984.0,157.0,Post-Panamax,71,120,119,Outbound,140,15.66,41004,Nearshore,32.70114,-79.76643,2021-10-28 16:24:36
MSC NAOMI,255806500,17.7,13.42,One-way Transit,23.88,2,191,984.0,157.0,Post-Panamax,71,121,119,Outbound,140,17.9,41004,Nearshore,32.69863,-79.76148,2021-10-28 16:25:36
MSC NAOMI,255806500,17.7,13.42,One-way Transit,23.88,2,191,984.0,157.0,Post-Panamax,71,121,119,Outbound,140,17.9,41004,Nearshore,32.69578,-79.75594,2021-10-28 16:26:43
MSC NAOMI,255806500,17.8,13.42,One-way Transit,23.88,2,191,984.0,157.0,Post-Panamax,71,120,118,Outbound,140,17.9,41004,Nearshore,32.69251,-79.74938,2021-10-28 16:28:00
MSC NAOMI,255806500,17.9,13.42,One-way Transit,23.88,2,191,984.0,157.0,Post-Panamax,71,119,117,Outbound,140,17.9,41004,Nearshore,32.69054,-79.74526,2021-10-28 16:28:48
MSC NAOMI,255806500,18.0,13.42,One-way Transit,21.75,1,174,984.0,157.0,Post-Panamax,71,119,118,Outbound,140,17.9,41004,Offshore,32.68818,-79.74005,2021-10-28 16:30:00
MSC NAOMI,255806500,18.0,13.42,One-way Transit,23.88,2,191,984.0,157.0,Post-Panamax,71,120,118,Outbound,140,17.9,41004,Offshore,32.68698,-79.7376,2021-10-28 16:30:51
MSC NAOMI,255806500,18.0,13.42,One-way Transit,23.88,2,191,984.0,157.0,Post-Panamax,71,118,116,Outbound,140,17.9,41004,Offshore,32.67875,-79.72063,2021-10-28 16:33:36
MSC NAOMI,255806500,18.1,13.42,One-way Transit,21.75,1,174,984.0,157.0,Post-Panamax,71,117,116,Outbound,140,17.9,41004,Offshore,32.67758,-79.7179,2021-10-28 16:34:06
MSC NAOMI,255806500,18.2,13.42,One-way Transit,21.75,1,174,984.0,157.0,Post-Panamax,71,117,116,Outbound,150,17.9,41004,Offshore,32.67384,-79.70946,2021-10-28 16:35:42
MSC NAOMI,255806500,18.2,13.42,One-way Transit,21.75,1,174,984.0,157.0,Post-Panamax,71,117,116,Outbound,150,17.9,41004,Offshore,32.67268,-79.70677,2021-10-28 16:36:12
MSC NAOMI,255806500,18.1,13.42,One-way Transit,21.75,1,174,984.0,157.0,Post-Panamax,71,117,116,Outbound,150,17.9,41004,Offshore,32.66921,-79.69886,2021-10-28 16:37:42
SAN VICENTE,563052800,14.4,17.9,One-way Transit,21.75,1,174,984.0,157.0,Post-Panamax,70,300,299,Inbound,150,22.37,41004,Offshore,32.67271,-79.70578,2021-10-28 18:52:38
SAN VICENTE,563052800,14.5,17.9,One-way Transit,19.62,0,157,984.0,157.0,Post-Panamax,70,299,299,Inbound,150,22.37,41004,Offshore,32.67509,-79.71078,2021-10-28 18:53:49
SAN VICENTE,563052800,14.5,17.9,One-way Transit,19.62,0,157,984.0,157.0,Post-Panamax,70,299,299,Inbound,150,22.37,41004,Offshore,32.67725,-79.71527,2021-10-28 18:54:55
SAN VICENTE,563052800,14.6,17.9,One-way Transit,21.75,1,174,984.0,157.0,Post-Panamax,70,300,299,Inbound,150,22.37,41004,Offshore,32.67925,-79.71946,2021-10-28 18:55:55
SAN VICENTE,563052800,14.6,17.9,One-way Transit,19.62,0,157,984.0,157.0,Post-Panamax,70,299,299,Inbound,150,22.37,41004,Offshore,32.68028,-79.72162,2021-10-28 18:56:25
SAN VICENTE,563052800,14.6,17.9,One-way Transit,19.62,0,157,984.0,157.0,Post-Panamax,70,299,299,Inbound,150,22.37,41004,Offshore,32.68329,-79.72793,2021-10-28 18:57:55
SAN VICENTE,563052800,14.7,17.9,One-way Transit,21.75,1,174,984.0,157.0,Post-Panamax,70,300,299,Inbound,150,22.37,41004,Offshore,32.68448,-79.73045,2021-10-28 18:58:31
SAN VICENTE,563052800,14.7,17.9,One-way Transit,19.62,0,157,984.0,157.0,Post-Panamax,70,299,299,Inbound,150,22.37,41004,Offshore,32.68689,-79.73549,2021-10-28 18:59:44
SAN VICENTE,563052800,14.7,17.9,One-way Transit,19.62,0,157,984.0,157.0,Post-Panamax,70,299,299,Inbound,150,22.37,41004,Offshore,32.6885,-79.73888,2021-10-28 19:00:31
SAN VICENTE,563052800,14.7,17.9,One-way Transit,21.75,1,174,984.0,157.0,Post-Panamax,70,300,299,Inbound,150,22.37,41004,Offshore,32.68952,-79.74099,2021-10-28 19:01:02
SAN VICENTE,563052800,14.7,17.9,One-way Transit,21.75,1,174,984.0,157.0,Post-Panamax,70,300,299,Inbound,150,22.37,41004,Nearshore,32.69278,-79.74773,2021-10-28 19:02:38
SAN VICENTE,563052800,14.8,17.9,One-way Transit,19.62,0,157,984.0,157.0,Post-Panamax,70,299,299,Inbound,150,22.37,41004,Nearshore,32.69522,-79.75282,2021-10-28 19:03:50
SAN VICENTE,563052800,14.8,17.9,One-way Transit,21.75,1,174,984.0,157.0,Post-Panamax,70,300,299,Inbound,150,22.37,41004,Nearshore,32.69746,-79.75746,2021-10-28 19:04:55
SAN VICENTE,563052800,14.8,17.9,One-way Transit,19.62,0,157,984.0,157.0,Post-Panamax,70,299,299,Inbound,140,22.37,41004,Nearshore,32.6989,-79.76043,2021-10-28 19:05:37
SAN VICENTE,563052800,14.8,17.9,One-way Transit,21.75,1,174,984.0,157.0,Post-Panamax,70,300,299,Inbound,140,22.37,41004,Nearshore,32.70096,-79.76465,2021-10-28 19:06:37
SAN VICENTE,563052800,14.7,17.9,One-way Transit,21.75,1,174,984.0,157.0,Post-Panamax,70,300,299,Inbound,140,22.37,41004,Nearshore,32.70318,-79.76925,2021-10-28 19:07:43
SAN VICENTE,563052800,14.7,17.9,One-way Transit,21.75,1,174,984.0,157.0,Post-Panamax,70,300,299,Inbound,140,22.37,41004,Nearshore,32.70566,-79.77437,2021-10-28 19:08:55
SAN VICENTE,563052800,14.7,17.9,One-way Transit,21.75,1,174,984.0,157.0,Post-Panamax,70,300,299,Inbound,140,22.37,41004,Nearshore,32.70684,-79.77681,2021-10-28 19:09:31
SAN VICENTE,563052800,14.7,17.9,One-way Transit,21.75,1,174,984.0,157.0,Post-Panamax,70,300,299,Inbound,140,22.37,41004,Nearshore,32.70925,-79.78185,2021-10-28 19:10:43
SAN VICENTE,563052800,14.7,17.9,One-way Transit,21.75,1,174,984.0,157.0,Post-Panamax,70,300,299,Inbound,140,22.37,41004,Nearshore,32.71151,-79.78659,2021-10-28 19:11:50
SAN VICENTE,563052800,14.7,17.9,One-way Transit,21.75,1,174,984.0,157.0,Post-Panamax,70,300,299,Inbound,140,22.37,41004,Nearshore,32.71353,-79.79081,2021-10-28 19:12:50
SAN VICENTE,563052800,14.5,17.9,One-way Transit,28.12,4,225,984.0,157.0,Post-Panamax,70,301,297,Inbound,140,22.37,41004,Nearshore,32.71515,-79.79415,2021-10-28 19:13:38
SAN VICENTE,563052800,14.7,17.9,One-way Transit,21.75,1,174,984.0,157.0,Post-Panamax,70,298,297,Inbound,140,22.37,41004,Nearshore,32.71744,-79.7992,2021-10-28 19:14:50
SAN VICENTE,563052800,14.7,17.9,One-way Transit,21.75,1,174,984.0,157.0,Post-Panamax,70,298,297,Inbound,130,22.37,41004,Nearshore,32.7184,-79.80136,2021-10-28 19:15:20
SAN VICENTE,563052800,14.9,17.9,One-way Transit,21.75,1,174,984.0,157.0,Post-Panamax,70,297,298,Inbound,130,22.37,41004,Nearshore,32.72147,-79.80829,2021-10-28 19:16:56
LIBERTY PROMISE,366102000,14.7,22.37,One-way Transit,11.6,1,116,656.0,105.0,Panamax,70,122,123,Outbound,310,29.08,41004,Nearshore,32.72196,-79.80972,2021-10-27 01:45:45
LIBERTY PROMISE,366102000,14.9,22.37,One-way Transit,11.6,1,116,656.0,105.0,Panamax,70,122,123,Outbound,310,29.08,41004,Nearshore,32.72059,-79.80714,2021-10-27 01:46:22
LIBERTY PROMISE,366102000,15.2,22.37,One-way Transit,11.6,1,116,656.0,105.0,Panamax,70,122,123,Outbound,310,29.08,41004,Nearshore,32.71841,-79.80287,2021-10-27 01:47:22
LIBERTY PROMISE,366102000,15.3,22.37,One-way Transit,10.5,0,105,656.0,105.0,Panamax,70,120,120,Outbound,310,29.08,41004,Nearshore,32.71579,-79.79765,2021-10-27 01:48:34
LIBERTY PROMISE,366102000,15.3,22.37,One-way Transit,11.6,1,116,656.0,105.0,Panamax,70,120,121,Outbound,310,29.08,41004,Nearshore,32.71342,-79.79282,2021-10-27 01:49:40
LIBERTY PROMISE,366102000,15.7,22.37,One-way Transit,11.6,1,116,656.0,105.0,Panamax,70,118,119,Outbound,310,29.08,41004,Nearshore,32.71075,-79.78689,2021-10-27 01:50:57
LIBERTY PROMISE,366102000,15.7,22.37,One-way Transit,11.6,1,116,656.0,105.0,Panamax,70,118,119,Outbound,310,29.08,41004,Nearshore,32.70973,-79.78459,2021-10-27 01:51:28
LIBERTY PROMISE,366102000,15.7,22.37,One-way Transit,12.8,2,128,656.0,105.0,Panamax,70,117,119,Outbound,310,29.08,41004,Nearshore,32.7071,-79.77868,2021-10-27 01:52:45
LIBERTY PROMISE,366102000,15.8,22.37,One-way Transit,11.6,1,116,656.0,105.0,Panamax,70,118,119,Outbound,310,29.08,41004,Nearshore,32.70564,-79.77537,2021-10-27 01:53:28
LIBERTY PROMISE,366102000,15.9,22.37,One-way Transit,11.6,1,116,656.0,105.0,Panamax,70,118,119,Outbound,310,29.08,41004,Nearshore,32.70338,-79.77026,2021-10-27 01:54:34
LIBERTY PROMISE,366102000,16.0,22.37,One-way Transit,11.6,1,116,656.0,105.0,Panamax,70,119,120,Outbound,310,26.84,41004,Nearshore,32.70124,-79.76561,2021-10-27 01:55:34
LIBERTY PROMISE,366102000,16.0,22.37,One-way Transit,11.6,1,116,656.0,105.0,Panamax,70,120,121,Outbound,310,26.84,41004,Nearshore,32.69901,-79.76101,2021-10-27 01:56:34
LIBERTY PROMISE,366102000,16.0,22.37,One-way Transit,11.6,1,116,656.0,105.0,Panamax,70,120,121,Outbound,310,26.84,41004,Nearshore,32.69677,-79.7564,2021-10-27 01:57:34
LIBERTY PROMISE,366102000,16.0,22.37,One-way Transit,10.5,0,105,656.0,105.0,Panamax,70,120,120,Outbound,310,26.84,41004,Nearshore,32.69432,-79.75135,2021-10-27 01:58:40
LIBERTY PROMISE,366102000,16.0,22.37,One-way Transit,11.6,1,116,656.0,105.0,Panamax,70,120,121,Outbound,310,26.84,41004,Nearshore,32.6932,-79.74903,2021-10-27 01:59:10
LIBERTY PROMISE,366102000,16.0,22.37,One-way Transit,11.6,1,116,656.0,105.0,Panamax,70,120,121,Outbound,310,26.84,41004,Offshore,32.68878,-79.73993,2021-10-27 02:01:09
LIBERTY PROMISE,366102000,15.4,22.37,One-way Transit,11.6,1,116,656.0,105.0,Panamax,70,120,121,Outbound,310,26.84,41004,Offshore,32.68268,-79.7273,2021-10-27 02:03:57
LIBERTY PROMISE,366102000,15.3,22.37,One-way Transit,12.8,2,128,656.0,105.0,Panamax,70,119,121,Outbound,310,26.84,41004,Offshore,32.68162,-79.7251,2021-10-27 02:04:27
LIBERTY PROMISE,366102000,14.9,22.37,One-way Transit,11.6,1,116,656.0,105.0,Panamax,70,120,121,Outbound,320,26.84,41004,Offshore,32.67932,-79.72024,2021-10-27 02:05:33
LIBERTY PROMISE,366102000,13.5,22.37,One-way Transit,12.8,2,128,656.0,105.0,Panamax,70,119,121,Outbound,320,26.84,41004,Offshore,32.67739,-79.71616,2021-10-27 02:06:34
LIBERTY PROMISE,366102000,12.4,22.37,One-way Transit,11.6,1,116,656.0,105.0,Panamax,70,119,120,Outbound,320,26.84,41004,Offshore,32.67599,-79.71319,2021-10-27 02:07:22
LIBERTY PROMISE,366102000,10.8,22.37,One-way Transit,12.8,2,128,656.0,105.0,Panamax,70,119,121,Outbound,320,26.84,41004,Offshore,32.67412,-79.70924,2021-10-27 02:08:35
LIBERTY PROMISE,366102000,10.2,22.37,One-way Transit,11.6,1,116,656.0,105.0,Panamax,70,120,121,Outbound,320,26.84,41004,Offshore,32.67253,-79.70591,2021-10-27 02:09:40
LIBERTY PROMISE,366102000,10.3,22.37,One-way Transit,12.8,2,128,656.0,105.0,Panamax,70,119,121,Outbound,320,26.84,41004,Offshore,32.67185,-79.70448,2021-10-27 02:10:10
LIBERTY PROMISE,366102000,10.4,22.37,One-way Transit,12.8,2,128,656.0,105.0,Panamax,70,119,121,Outbound,320,26.84,41004,Offshore,32.66979,-79.70017,2021-10-27 02:11:36
LIBERTY PROMISE,366102000,10.4,22.37,One-way Transit,11.6,1,116,656.0,105.0,Panamax,70,120,121,Outbound,320,26.84,41004,Offshore,32.66886,-79.6982,2021-10-27 02:12:15
MAERSK NIJMEGEN,477261300,12.8,20.13,One-way Transit,13.4,3,134,689.0,98.0,Panamax,70,301,304,Inbound,360,26.84,41004,Offshore,32.68211,-79.72631,2021-10-27 08:09:57
MAERSK NIJMEGEN,477261300,13.1,22.37,One-way Transit,11.0,1,110,689.0,98.0,Panamax,70,300,301,Inbound,360,26.84,41004,Nearshore,32.69265,-79.74713,2021-10-27 08:15:37
MAERSK NIJMEGEN,477261300,13.1,22.37,One-way Transit,13.4,3,134,689.0,98.0,Panamax,70,297,300,Inbound,360,26.84,41004,Nearshore,32.69465,-79.75166,2021-10-27 08:16:47
MAERSK NIJMEGEN,477261300,13.0,22.37,One-way Transit,12.2,2,122,689.0,98.0,Panamax,70,298,300,Inbound,360,26.84,41004,Nearshore,32.69641,-79.7555,2021-10-27 08:17:47
MAERSK NIJMEGEN,477261300,13.1,22.37,One-way Transit,12.2,2,122,689.0,98.0,Panamax,70,298,300,Inbound,360,26.84,41004,Nearshore,32.69725,-79.75743,2021-10-27 08:18:17
MAERSK NIJMEGEN,477261300,13.1,22.37,One-way Transit,12.2,2,122,689.0,98.0,Panamax,70,298,300,Inbound,360,26.84,41004,Nearshore,32.70018,-79.76385,2021-10-27 08:19:57
MAERSK NIJMEGEN,477261300,13.1,22.37,One-way Transit,13.4,3,134,689.0,98.0,Panamax,70,297,300,Inbound,360,26.84,41004,Nearshore,32.7019,-79.76768,2021-10-27 08:20:57
MAERSK NIJMEGEN,477261300,13.0,22.37,One-way Transit,13.4,3,134,689.0,98.0,Panamax,70,297,300,Inbound,360,26.84,41004,Nearshore,32.70361,-79.77151,2021-10-27 08:21:57
MAERSK NIJMEGEN,477261300,13.0,22.37,One-way Transit,12.2,2,122,689.0,98.0,Panamax,70,298,300,Inbound,360,26.84,41004,Nearshore,32.7054,-79.77536,2021-10-27 08:22:57
MAERSK NIJMEGEN,477261300,13.0,22.37,One-way Transit,15.8,5,158,689.0,98.0,Panamax,70,297,302,Inbound,360,26.84,41004,Nearshore,32.7065,-79.77788,2021-10-27 08:23:37
MAERSK NIJMEGEN,477261300,13.0,22.37,One-way Transit,12.2,2,122,689.0,98.0,Panamax,70,300,302,Inbound,360,26.84,41004,Nearshore,32.708,-79.78093,2021-10-27 08:24:26
MAERSK NIJMEGEN,477261300,12.6,20.13,One-way Transit,12.2,2,122,689.0,98.0,Panamax,70,300,302,Inbound,360,26.84,41004,Nearshore,32.71008,-79.78523,2021-10-27 08:25:36
MAERSK NIJMEGEN,477261300,11.9,20.13,One-way Transit,12.2,2,122,689.0,98.0,Panamax,70,299,301,Inbound,360,26.84,41004,Nearshore,32.71178,-79.78865,2021-10-27 08:26:36
MAERSK NIJMEGEN,477261300,11.2,20.13,One-way Transit,14.6,4,146,689.0,98.0,Panamax,70,297,301,Inbound,360,26.84,41004,Nearshore,32.71355,-79.79261,2021-10-27 08:27:47
MAERSK NIJMEGEN,477261300,10.8,20.13,One-way Transit,14.6,4,146,689.0,98.0,Panamax,70,300,304,Inbound,360,26.84,41004,Nearshore,32.71505,-79.79576,2021-10-27 08:28:47
MAERSK NIJMEGEN,477261300,11.2,20.13,One-way Transit,14.6,4,146,689.0,98.0,Panamax,70,302,306,Inbound,360,26.84,41004,Nearshore,32.71666,-79.79883,2021-10-27 08:29:47
MAERSK NIJMEGEN,477261300,11.4,20.13,One-way Transit,13.4,3,134,689.0,98.0,Panamax,70,303,306,Inbound,360,26.84,41004,Nearshore,32.71848,-79.80205,2021-10-27 08:30:47
MAERSK NIJMEGEN,477261300,11.4,20.13,One-way Transit,13.4,3,134,689.0,98.0,Panamax,70,303,306,Inbound,360,26.84,41004,Nearshore,32.72053,-79.8057,2021-10-27 08:31:56
MAERSK NIJMEGEN,477261300,11.5,20.13,One-way Transit,11.0,1,110,689.0,98.0,Panamax,70,302,303,Inbound,360,26.84,41004,Nearshore,32.7223,-79.8089,2021-10-27 08:32:57
MSC NAOMI,255806500,16.6,11.18,One-way Transit,23.88,2,191,984.0,157.0,Post-Panamax,71,300,298,Inbound,310,15.66,41004,Offshore,32.67364,-79.70705,2021-10-27 19:32:43
MSC NAOMI,255806500,17.4,11.18,One-way Transit,23.88,2,191,984.0,157.0,Post-Panamax,71,300,298,Inbound,310,15.66,41004,Offshore,32.68022,-79.72055,2021-10-27 19:35:31
MSC NAOMI,255806500,17.8,11.18,One-way Transit,21.75,1,174,984.0,157.0,Post-Panamax,71,297,296,Inbound,310,15.66,41004,Nearshore,32.69197,-79.7467,2021-10-27 19:40:37
MSC NAOMI,255806500,17.8,11.18,One-way Transit,21.75,1,174,984.0,157.0,Post-Panamax,71,298,297,Inbound,310,15.66,41004,Nearshore,32.69452,-79.75255,2021-10-27 19:41:43
MSC NAOMI,255806500,17.8,11.18,One-way Transit,21.75,1,174,984.0,157.0,Post-Panamax,71,299,298,Inbound,310,15.66,41004,Nearshore,32.69613,-79.75607,2021-10-27 19:42:25
MSC NAOMI,255806500,17.7,11.18,One-way Transit,21.75,1,174,984.0,157.0,Post-Panamax,71,300,299,Inbound,310,15.66,41004,Nearshore,32.69933,-79.76273,2021-10-27 19:43:43
MSC NAOMI,255806500,17.5,11.18,One-way Transit,21.75,1,174,984.0,157.0,Post-Panamax,71,300,299,Inbound,310,15.66,41004,Nearshore,32.70172,-79.76764,2021-10-27 19:44:42
MSC NAOMI,255806500,17.1,11.18,One-way Transit,21.75,1,174,984.0,157.0,Post-Panamax,71,300,299,Inbound,290,15.66,41004,Nearshore,32.7037,-79.7716,2021-10-27 19:45:30
MSC NAOMI,255806500,16.2,11.18,One-way Transit,21.75,1,174,984.0,157.0,Post-Panamax,71,298,297,Inbound,290,15.66,41004,Nearshore,32.70665,-79.77791,2021-10-27 19:46:49
MSC NAOMI,255806500,15.8,11.18,One-way Transit,21.75,1,174,984.0,157.0,Post-Panamax,71,298,297,Inbound,290,15.66,41004,Nearshore,32.70768,-79.78013,2021-10-27 19:47:19
MSC NAOMI,255806500,14.9,11.18,One-way Transit,21.75,1,174,984.0,157.0,Post-Panamax,71,298,297,Inbound,290,15.66,41004,Nearshore,32.7103,-79.78608,2021-10-27 19:48:37
MSC NAOMI,255806500,14.2,11.18,One-way Transit,21.75,1,174,984.0,157.0,Post-Panamax,71,298,297,Inbound,290,15.66,41004,Nearshore,32.71214,-79.79019,2021-10-27 19:49:37
MSC NAOMI,255806500,13.4,11.18,One-way Transit,19.62,0,157,984.0,157.0,Post-Panamax,71,300,300,Inbound,290,15.66,41004,Nearshore,32.71395,-79.79421,2021-10-27 19:50:37
MSC NAOMI,255806500,12.9,11.18,One-way Transit,21.75,1,174,984.0,157.0,Post-Panamax,71,302,301,Inbound,290,15.66,41004,Nearshore,32.71642,-79.79897,2021-10-27 19:51:54
MSC NAOMI,255806500,13.2,11.18,One-way Transit,21.75,1,174,984.0,157.0,Post-Panamax,71,302,301,Inbound,290,15.66,41004,Nearshore,32.71847,-79.80297,2021-10-27 19:53:01
MSC NAOMI,255806500,13.4,11.18,One-way Transit,21.75,1,174,984.0,157.0,Post-Panamax,71,302,301,Inbound,290,15.66,41004,Nearshore,32.71947,-79.80491,2021-10-27 19:53:32
MSC NAOMI,255806500,13.7,11.18,One-way Transit,21.75,1,174,984.0,157.0,Post-Panamax,71,302,301,Inbound,290,15.66,41004,Nearshore,32.72234,-79.81035,2021-10-27 19:54:57
NORTHERN MAGNUM,255806078,14.5,11.18,One-way Transit,16.38,0,131,984.0,131.0,Post-Panamax,71,120,120,Outbound,300,15.66,41004,Nearshore,32.72316,-79.80961,2021-10-27 21:04:56
NORTHERN MAGNUM,255806078,15.5,11.18,One-way Transit,18.5,1,148,984.0,131.0,Post-Panamax,71,121,122,Outbound,300,15.66,41004,Nearshore,32.71948,-79.80233,2021-10-27 21:06:38
NORTHERN MAGNUM,255806078,15.7,11.18,One-way Transit,16.38,0,131,984.0,131.0,Post-Panamax,71,122,122,Outbound,300,15.66,41004,Nearshore,32.71698,-79.79758,2021-10-27 21:07:44
NORTHERN MAGNUM,255806078,15.7,11.18,One-way Transit,16.38,0,131,984.0,131.0,Post-Panamax,71,122,122,Outbound,300,15.66,41004,Nearshore,32.71391,-79.79185,2021-10-27 21:09:01
NORTHERN MAGNUM,255806078,16.0,11.18,One-way Transit,22.75,3,182,984.0,131.0,Post-Panamax,71,122,119,Outbound,300,15.66,41004,Nearshore,32.71223,-79.78873,2021-10-27 21:09:43
NORTHERN MAGNUM,255806078,15.9,11.18,One-way Transit,18.5,1,148,984.0,131.0,Post-Panamax,71,120,119,Outbound,300,15.66,41004,Nearshore,32.71113,-79.78646,2021-10-27 21:10:14
NORTHERN MAGNUM,255806078,15.9,11.18,One-way Transit,16.38,0,131,984.0,131.0,Post-Panamax,71,119,119,Outbound,300,15.66,41004,Nearshore,32.70768,-79.7792,2021-10-27 21:11:49
NORTHERN MAGNUM,255806078,16.0,11.18,One-way Transit,16.38,0,131,984.0,131.0,Post-Panamax,71,119,119,Outbound,300,15.66,41004,Nearshore,32.70618,-79.77606,2021-10-27 21:12:31
NORTHERN MAGNUM,255806078,16.2,11.18,One-way Transit,16.38,0,131,984.0,131.0,Post-Panamax,71,119,119,Outbound,300,15.66,41004,Nearshore,32.70328,-79.76995,2021-10-27 21:13:50
NORTHERN MAGNUM,255806078,16.4,11.18,One-way Transit,16.38,0,131,984.0,131.0,Post-Panamax,71,119,119,Outbound,300,15.66,41004,Nearshore,32.70078,-79.7647,2021-10-27 21:14:56
NORTHERN MAGNUM,255806078,16.2,11.18,One-way Transit,18.5,1,148,984.0,131.0,Post-Panamax,71,120,119,Outbound,310,15.66,41004,Nearshore,32.69676,-79.75633,2021-10-27 21:16:44
MAERSK NIJMEGEN,477261300,14.6,8.95,One-way Transit,9.8,0,98,689.0,98.0,Panamax,70,120,120,Outbound,330,13.42,41004,Nearshore,32.72073,-79.80693,2021-10-27 22:54:58
MAERSK NIJMEGEN,477261300,14.7,6.71,One-way Transit,9.8,0,98,689.0,98.0,Panamax,70,120,120,Outbound,340,13.42,41004,Nearshore,32.71975,-79.80488,2021-10-27 22:55:29
MAERSK NIJMEGEN,477261300,14.6,6.71,One-way Transit,9.8,0,98,689.0,98.0,Panamax,70,120,120,Outbound,340,13.42,41004,Nearshore,32.71706,-79.79943,2021-10-27 22:56:47
MAERSK NIJMEGEN,477261300,14.4,6.71,One-way Transit,11.0,1,110,689.0,98.0,Panamax,70,119,118,Outbound,340,13.42,41004,Nearshore,32.71468,-79.79451,2021-10-27 22:57:58
MAERSK NIJMEGEN,477261300,14.5,6.71,One-way Transit,9.8,0,98,689.0,98.0,Panamax,70,119,119,Outbound,340,13.42,41004,Nearshore,32.71268,-79.79026,2021-10-27 22:58:59
MAERSK NIJMEGEN,477261300,14.4,6.71,One-way Transit,9.8,0,98,689.0,98.0,Panamax,70,119,119,Outbound,340,13.42,41004,Nearshore,32.71153,-79.78785,2021-10-27 22:59:34
MAERSK NIJMEGEN,477261300,14.3,6.71,One-way Transit,9.8,0,98,689.0,98.0,Panamax,70,119,119,Outbound,340,13.42,41004,Nearshore,32.70956,-79.7837,2021-10-27 23:00:34
MAERSK NIJMEGEN,477261300,14.3,6.71,One-way Transit,9.8,0,98,689.0,98.0,Panamax,70,119,119,Outbound,340,13.42,41004,Nearshore,32.70703,-79.77835,2021-10-27 23:01:53
MAERSK NIJMEGEN,477261300,14.3,6.71,One-way Transit,11.0,1,110,689.0,98.0,Panamax,70,118,119,Outbound,340,13.42,41004,Nearshore,32.7057,-79.77545,2021-10-27 23:02:34
MAERSK NIJMEGEN,477261300,13.5,6.71,One-way Transit,9.8,0,98,689.0,98.0,Panamax,70,119,119,Outbound,340,13.42,41004,Nearshore,32.70123,-79.76616,2021-10-27 23:04:52
MAERSK NIJMEGEN,477261300,12.7,6.71,One-way Transit,9.8,0,98,689.0,98.0,Panamax,70,119,119,Outbound,320,11.18,41004,Nearshore,32.69928,-79.76205,2021-10-27 23:05:58
MAERSK NIJMEGEN,477261300,12.3,6.71,One-way Transit,9.8,0,98,689.0,98.0,Panamax,70,119,119,Outbound,320,11.18,41004,Nearshore,32.69811,-79.75963,2021-10-27 23:06:40
MAERSK NIJMEGEN,477261300,11.9,6.71,One-way Transit,9.8,0,98,689.0,98.0,Panamax,70,119,119,Outbound,320,11.18,41004,Nearshore,32.6963,-79.75581,2021-10-27 23:07:47
MAERSK NIJMEGEN,477261300,11.5,6.71,One-way Transit,9.8,0,98,689.0,98.0,Panamax,70,119,119,Outbound,320,11.18,41004,Nearshore,32.69451,-79.75208,2021-10-27 23:08:54
MAERSK NIJMEGEN,477261300,10.8,6.71,One-way Transit,9.8,0,98,689.0,98.0,Panamax,70,119,119,Outbound,320,11.18,41004,Nearshore,32.69275,-79.74838,2021-10-27 23:10:05
MAERSK NIJMEGEN,477261300,10.4,6.71,One-way Transit,9.8,0,98,689.0,98.0,Panamax,70,119,119,Outbound,320,11.18,41004,Nearshore,32.69131,-79.74538,2021-10-27 23:11:05
MAERSK NIJMEGEN,477261300,9.9,6.71,One-way Transit,11.0,1,110,689.0,98.0,Panamax,70,120,119,Outbound,320,11.18,41004,Offshore,32.68758,-79.73773,2021-10-27 23:13:45
MAERSK NIJMEGEN,477261300,9.8,6.71,One-way Transit,9.8,0,98,689.0,98.0,Panamax,70,119,119,Outbound,320,11.18,41004,Offshore,32.68688,-79.73625,2021-10-27 23:14:16
MAERSK NIJMEGEN,477261300,9.7,8.95,One-way Transit,9.8,0,98,689.0,98.0,Panamax,70,119,119,Outbound,330,13.42,41004,Offshore,32.68345,-79.72931,2021-10-27 23:16:46
MAERSK NIJMEGEN,477261300,9.7,8.95,One-way Transit,11.0,1,110,689.0,98.0,Panamax,70,120,119,Outbound,330,13.42,41004,Offshore,32.6825,-79.72736,2021-10-27 23:17:25
MAERSK NIJMEGEN,477261300,9.7,8.95,One-way Transit,11.0,1,110,689.0,98.0,Panamax,70,120,119,Outbound,330,13.42,41004,Offshore,32.68045,-79.72321,2021-10-27 23:18:56
MAERSK NIJMEGEN,477261300,10.1,8.95,One-way Transit,9.8,0,98,689.0,98.0,Panamax,70,119,119,Outbound,330,13.42,41004,Offshore,32.67953,-79.72131,2021-10-27 23:19:35
MAERSK NIJMEGEN,477261300,10.5,8.95,One-way Transit,11.0,1,110,689.0,98.0,Panamax,70,120,119,Outbound,330,13.42,41004,Offshore,32.67805,-79.71836,2021-10-27 23:20:35
MAERSK NIJMEGEN,477261300,10.6,8.95,One-way Transit,11.0,1,110,689.0,98.0,Panamax,70,120,119,Outbound,330,13.42,41004,Offshore,32.67726,-79.71676,2021-10-27 23:21:05
MAERSK NIJMEGEN,477261300,10.8,8.95,One-way Transit,9.8,0,98,689.0,98.0,Panamax,70,119,119,Outbound,330,13.42,41004,Offshore,32.67503,-79.7122,2021-10-27 23:22:36
MAERSK NIJMEGEN,477261300,10.9,8.95,One-way Transit,11.0,1,110,689.0,98.0,Panamax,70,120,119,Outbound,330,13.42,41004,Offshore,32.67325,-79.70865,2021-10-27 23:23:44
MAERSK NIJMEGEN,477261300,10.8,8.95,One-way Transit,13.4,3,134,689.0,98.0,Panamax,70,120,117,Outbound,330,13.42,41004,Offshore,32.6724,-79.70696,2021-10-27 23:24:16
MAERSK NIJMEGEN,477261300,10.9,8.95,One-way Transit,12.2,2,122,689.0,98.0,Panamax,70,118,116,Outbound,330,13.42,41004,Offshore,32.66998,-79.70168,2021-10-27 23:25:56
